,avg_sps,avg_wordsim,avg_final_score,elapsed_seconds
count,200.0,200.0,200.0,200.0
mean,0.5777587557735387,0.2271827097145184,0.35057604605902026,0.5500268149375915
std,0.303912871284385,0.1379741788384547,0.23948187338125831,0.12181773220459276
min,0.0,0.009690869409427016,-0.19439013793852503,0.2633051872253418
25%,0.3225216045975685,0.12333123566022135,0.15376607978593768,0.45893460512161255
50%,0.6826660633087158,0.19571237827597235,0.4043500013939916,0.5495434999465942
75%,0.8338060826063156,0.32416399276633184,0.5446260718112128,0.6611608862876892
max,0.9977466464042664,0.702055372203887,0.7318175197489436,0.8132035732269287
