,avg_sps,avg_wordsim,avg_final_score,elapsed_seconds
count,3707.0,3707.0,3707.0,3712.0
mean,0.8856541232482535,0.5475761897143598,0.33807793353389376,0.488205190619518
std,0.12903541375338992,0.14093520771230864,0.16045118835782474,0.15815285160857095
min,0.0,0.0960739891881119,-0.42020837166672054,1.8835067749023438e-05
25%,0.8523625731468201,0.45999683471664665,0.24045784266577064,0.33952152729034424
50%,0.9284000396728516,0.5531208627982821,0.3478863906292081,0.4780538082122803
75%,0.9697675406932831,0.6428571428571428,0.44089644588107246,0.616919219493866
max,0.9999878406524658,0.946875,0.8421217620072554,0.9070837497711182
