,avg_sps,avg_wordsim,avg_final_score,elapsed_seconds
count,1640.0,1640.0,1640.0,1650.0
mean,0.879511427305775,0.5143957477433148,0.36511567956246027,0.4890242674856475
std,0.13476669946430817,0.13884718054644732,0.1599464834872384,0.19196251126477476
min,0.0,0.08209331372400862,-0.5665522227029814,1.3828277587890625e-05
25%,0.8407492339611053,0.4304744048077715,0.27407914547251744,0.345894992351532
50%,0.9238106906414032,0.5140867702274893,0.3823490324005241,0.4691441059112549
75%,0.9637021124362946,0.609619489855323,0.46671748827187526,0.6045282483100891
max,0.9997959733009338,0.8911492413483311,0.8280589759888202,3.170380115509033
