,avg_sps,avg_wordsim,avg_final_score,elapsed_seconds
count,199.0,199.0,199.0,200.0
mean,0.9112636885002031,0.4522503538531321,0.45901333464707095,0.6990077781677246
std,0.0984424947006955,0.0951129707153294,0.1233769006916892,0.08366515722327274
min,0.2099067121744156,0.15234977541691577,-0.27199872981955925,2.0503997802734375e-05
25%,0.8816339373588562,0.3863505951126644,0.3951853055931552,0.6779056787490845
50%,0.9483494162559509,0.45265073087912544,0.46824992367734636,0.7005231380462646
75%,0.9682338535785675,0.5196537048867949,0.5380540708100372,0.7180249691009521
max,0.9999268054962158,0.6797101043712456,0.7368246336376695,0.875842809677124
