,avg_sps,avg_wordsim,avg_final_score,elapsed_seconds
count,199.0,199.0,199.0,200.0
mean,0.8754269810178172,0.426090752234685,0.4493362287831322,0.6873528814315796
std,0.13255014766612988,0.09250398399557788,0.1419077951317057,0.08421882911041714
min,0.0,0.17760449535217213,-0.428034188034188,1.5974044799804688e-05
25%,0.8221540749073029,0.3639952314333512,0.38603684801166327,0.6665407419204712
50%,0.919594407081604,0.4298719487795118,0.4629151898770673,0.6914951801300049
75%,0.9618194699287415,0.49332184719428973,0.5357221743158562,0.7149605751037598
max,0.9993626475334167,0.629791302244972,0.7461355935874946,0.8753492832183838
