Modelo,DE-COP,SimMIA,DUALTEST
Llama-3.1-8B,0.3575,0.4946058938463604,0.47783682586335013
Llama-3.3-70B,0.285,0.4818539763621658,0.4750359442740262
