Modelo,DE-COP,SimMIA,DUALTEST
Llama-3.1-8B,0.77565,0.5201,0.668
Llama-3.3-70B,0.86815,0.5679000000000001,0.6639
