Modelo,DE-COP,SimMIA
Llama-3.1-8B,0.77565,0.5201
Llama-3.3-70B,0.86815,0.5679000000000001
