experiment,mae,mae_ci_low,mae_ci_high,brier,brier_ci_low,brier_ci_high,roc_auc,roc_auc_ci_low,roc_auc_ci_high
booktection_comparison_llama31_8b,0.47783682586335013,0.4671961711758147,0.48750181398866904,0.23366099874069718,0.22538233471855745,0.24161658494213384,0.6679999999999999,0.5952557543509291,0.7408463973470002
booktection_comparison_llama33_70b,0.4750359442740262,0.4610458264580312,0.4897141434700535,0.2359774949529504,0.22413684582056653,0.24948267669144758,0.6639,0.5843762730452758,0.7370679013584338
booktection_sage_llama31_8b,0.4982697012732234,0.4895455660472481,0.5064652607438523,0.25185578686111404,0.24305318823518893,0.26069401378592805,0.5769500000000001,0.4970158483381457,0.6555864809250391
booktection_sage_llama33_70b,0.4760222169184361,0.4610379395142813,0.4902215048712709,0.2372786330704929,0.2244814316858308,0.25056637008335236,0.62765,0.5504738200378506,0.7046539738128843
wikimia_llama31_8b,0.46821759366198956,0.4330315130249942,0.5032574276248477,0.2468025897552878,0.2121013987714032,0.28248748933111234,0.5404807084123973,0.41110112481620353,0.6694139812889813
wikimia_llama33_70b,0.4624267575582549,0.4253968673807408,0.5004977753003146,0.25077985125897123,0.21411106083525358,0.29090050139867646,0.5597722960151803,0.4235772548253752,0.6884189051114517
